{"cameraMode":{"drawMode":0,"name":"Shaded","section":"Shading Mode"},"sceneLighting":false,"audioPlay":false,"sceneViewState":{"showFog":true,"showMaterialUpdate":false,"showSkybox":true,"showFlares":true,"showImageEffects":true,"showParticleSystems":true},"in2DMode":false,"pivot":{"x":-38.833106994628909,"y":1.7276830673217774,"z":10.999595642089844},"rotation":{"x":0.10458339005708695,"y":0.7214821577072144,"z":0.11167635768651962,"w":-0.6753479838371277},"size":0.8408566117286682,"orthographic":true}