{"cameraMode":{"drawMode":0,"name":"Shaded","section":"Shading Mode"},"sceneLighting":false,"audioPlay":true,"sceneViewState":{"showFog":true,"showMaterialUpdate":false,"showSkybox":true,"showFlares":true,"showImageEffects":true,"showParticleSystems":true},"in2DMode":false,"pivot":{"x":-17.103172302246095,"y":0.9456024169921875,"z":-15.892284393310547},"rotation":{"x":-0.5092236995697022,"y":0.008259729482233525,"z":-0.004887365270406008,"w":-0.8605818152427673},"size":32.75923538208008,"orthographic":false}