{"cameraMode":{"drawMode":0,"name":"Shaded","section":"Shading Mode"},"sceneLighting":false,"audioPlay":false,"sceneViewState":{"showFog":true,"showMaterialUpdate":false,"showSkybox":true,"showFlares":true,"showImageEffects":true,"showParticleSystems":true},"in2DMode":false,"pivot":{"x":-4.99601411819458,"y":6.387260913848877,"z":-9.969173431396485},"rotation":{"x":-0.09561895579099655,"y":0.8819153308868408,"z":-0.20352774858474732,"w":-0.41432562470436098},"size":20.930923461914064,"orthographic":false}