{"cameraMode":{"drawMode":0,"name":"Shaded","section":"Shading Mode"},"sceneLighting":false,"audioPlay":false,"sceneViewState":{"showFog":true,"showMaterialUpdate":false,"showSkybox":true,"showFlares":true,"showImageEffects":true,"showParticleSystems":true},"in2DMode":false,"pivot":{"x":-1.052377700805664,"y":3.635517120361328,"z":-3.2993664741516115},"rotation":{"x":-0.23420564830303193,"y":0.7575669884681702,"z":-0.36203888058662417,"w":-0.4900765120983124},"size":29.28707504272461,"orthographic":false}