{"cameraMode":{"drawMode":0,"name":"Shaded","section":"Shading Mode"},"sceneLighting":false,"audioPlay":false,"sceneViewState":{"showFog":true,"showMaterialUpdate":false,"showSkybox":false,"showFlares":true,"showImageEffects":true,"showParticleSystems":true},"in2DMode":false,"pivot":{"x":16.399999618530275,"y":7.777616500854492,"z":20.86199951171875},"rotation":{"x":0.16285115480422975,"y":0.40870365500450137,"z":-0.07437153160572052,"w":0.8949373960494995},"size":2.557465076446533,"orthographic":true}