{"cameraMode":{"drawMode":0,"name":"Shaded","section":"Shading Mode"},"sceneLighting":false,"audioPlay":false,"sceneViewState":{"showFog":true,"showMaterialUpdate":false,"showSkybox":false,"showFlares":true,"showImageEffects":true,"showParticleSystems":true},"in2DMode":false,"pivot":{"x":-2.5562744140625,"y":0.224090576171875,"z":-1.0392112731933594},"rotation":{"x":0.07248259335756302,"y":0.9222372174263,"z":0.3149658441543579,"w":-0.21224747598171235},"size":0.1741546392440796,"orthographic":true}