{"cameraMode":{"drawMode":0,"name":"Shaded","section":"Shading Mode"},"sceneLighting":false,"audioPlay":false,"sceneViewState":{"showFog":true,"showMaterialUpdate":false,"showSkybox":true,"showFlares":true,"showImageEffects":true,"showParticleSystems":true},"in2DMode":false,"pivot":{"x":-28.643997192382814,"y":-1.807999849319458,"z":-20.427000045776368},"rotation":{"x":0.4195016622543335,"y":-0.3257412016391754,"z":0.16440057754516602,"w":0.831194281578064},"size":28.986526489257814,"orthographic":true}