{"cameraMode":{"drawMode":0,"name":"Shaded","section":"Shading Mode"},"sceneLighting":false,"audioPlay":false,"sceneViewState":{"showFog":true,"showMaterialUpdate":false,"showSkybox":true,"showFlares":true,"showImageEffects":true,"showParticleSystems":true},"in2DMode":false,"pivot":{"x":-23.747854232788087,"y":-0.7171093225479126,"z":-18.191381454467775},"rotation":{"x":0.3418884873390198,"y":-0.27831220626831057,"z":0.10677376389503479,"w":0.891215443611145},"size":48.416648864746097,"orthographic":false}