{"cameraMode":{"drawMode":0,"name":"Shaded","section":"Shading Mode"},"sceneLighting":false,"audioPlay":false,"sceneViewState":{"showFog":true,"showMaterialUpdate":false,"showSkybox":false,"showFlares":true,"showImageEffects":true,"showParticleSystems":true},"in2DMode":false,"pivot":{"x":10.5,"y":1.4807502031326295,"z":-7.66265344619751},"rotation":{"x":0.23528754711151124,"y":0.7486350536346436,"z":-0.33971279859542849,"w":0.5184637308120728},"size":8.447165489196778,"orthographic":true}