{"cameraMode":{"drawMode":0,"name":"Shaded","section":"Shading Mode"},"sceneLighting":true,"audioPlay":false,"sceneViewState":{"showFog":true,"showMaterialUpdate":false,"showSkybox":true,"showFlares":true,"showImageEffects":true,"showParticleSystems":true},"in2DMode":false,"pivot":{"x":-40.2119140625,"y":3.6044921875,"z":2.8486328125},"rotation":{"x":0.17435818910598756,"y":0.8242188692092896,"z":-0.3533423840999603,"w":0.40671467781066897},"size":11.258832931518555,"orthographic":true}