{"cameraMode":{"drawMode":0,"name":"Shaded","section":"Shading Mode"},"sceneLighting":false,"audioPlay":false,"sceneViewState":{"showFog":true,"showMaterialUpdate":false,"showSkybox":true,"showFlares":true,"showImageEffects":true,"showParticleSystems":true},"in2DMode":false,"pivot":{"x":-41.057708740234378,"y":-3.24609375,"z":6.2001953125},"rotation":{"x":0.5670353174209595,"y":0.01480097509920597,"z":-0.0102463373914361,"w":0.8235231041908264},"size":35.46223831176758,"orthographic":true}